term,estimate,std.error,statistic,p.value,odds_ratio
(Intercept),-9.394259359344698,0.16128394037277513,-58.246712832237186,0,8.320032038654565e-5
SEXM,0.9280501743480769,0.057285451757406215,16.2004513515614,5.005831239712953e-59,2.5295721413524217
AGE_YRS,0.09143635887244352,0.0020716333396347134,44.13732735570199,0,1.095747039896365
HAS_ALLERGIESY,-0.02093608322263629,0.06047075400837288,-0.3462183259652665,0.7291786432768115,0.9792815550902791
HAS_ILLNESSY,1.0760329953604633,0.06534585414997723,16.466737015799467,6.361017756352984e-61,2.9330211334121197
HAS_COVIDY,-0.11310570576391193,0.14231074076327965,-0.79477982587451,0.42674158821042113,0.8930562539329263
HAD_COVIDY,-0.0033999150182475193,0.19460832540539522,-0.017470552768824463,0.9860612247466644,0.9966058581482063
