term,estimate,std.error,statistic,p.value,odds_ratio
(Intercept),-9.340410630224477,0.1610317945018147,-58.00351824384108,0,8.780337396409354e-5
SEXM,0.9242262813496716,0.05732995522871663,16.12117570408856,1.8113019796054457e-58,2.5199177985030965
AGE_YRS,0.09153254802190368,0.0020717385017900002,44.181516124172404,0,1.0958524439414374
HAS_ALLERGIESY,-0.1038095335190958,0.060774600914120444,-1.708107201983725,0.08761645281947143,0.9013969669802359
HAS_ILLNESSY,1.092808108010373,0.06640604505454117,16.456455238567795,7.53879924623567e-61,2.9826378931710433
HAS_COVIDY,-0.10784380066635478,0.14765986995222039,-0.7303528081207897,0.4651745567105453,0.8977678162136922
HAD_COVIDY,0.010363358250917555,0.19323636043808937,0.05363047734609891,0.9572295740360077,1.0104172438323626
