term,estimate,std.error,statistic,p.value,odds_ratio
(Intercept),-9.39429676746167,0.16127916473319012,-58.24866952283012,0,8.31972080774417e-5
SEXM,0.9288269220407924,0.05728446012788597,16.214291274932364,3.996612620052549e-59,2.5315377439665956
AGE_YRS,0.09143826847610936,0.0020715563464908356,44.139889620189905,0,1.095749132340927
HAS_ALLERGIESY,-0.0204267356875027,0.060465740751108756,-0.3378232935503752,0.7354963550975813,0.9797804767880482
HAS_ILLNESSY,1.0751569173839566,0.0653724060458239,16.44664748350102,8.864083394620685e-61,2.930452703429255
HAS_COVIDY,-0.1130716303139955,0.1423300821329717,-0.7944324110510838,0.4269437419967631,0.8930866857450656
HAD_COVIDY,-0.0037538089218479577,0.19460806074714226,-0.019289072135225422,0.98461050148111,0.9962532278112588
