term,estimate,std.error,statistic,p.value,odds_ratio
(Intercept),-9.342262055777361,0.16106448056878706,-58.00324207290067,0,8.764096294625363e-5
SEXM,0.9238430405001186,0.05734689098433886,16.109731925178217,2.1796675145582396e-58,2.5189522480961917
AGE_YRS,0.0915205310409539,0.0020719921854123985,44.1703070529381,0,1.0958392751826194
HAS_ALLERGIESY,-0.1004528543485118,0.060753724821163105,-1.6534435484278291,0.09824062611789132,0.9044277512432012
HAS_ILLNESSY,1.1026383195717213,0.06641090817317023,16.603271208045054,6.599421886311874e-62,3.012102438759774
HAS_COVIDY,-0.11685247493182857,0.14767485876830216,-0.7912821173925545,0.4287793813578722,0.8897164389604616
HAD_COVIDY,0.009153626934863768,0.1933162777939415,0.04735052339783174,0.9622338613627228,1.0091956494996561
